{
  "_format": "hh-sol-cache-2",
  "files": {
    "C:\\Users\\knnit\\OneDrive\\Pictures\\repo\\doc\\blockchain\\contracts\\DocumentRegistry.sol": {
      "lastModificationDate": 1747227448636,
      "contentHash": "a6ea2d978f6aba7fe05411e1e4e813ce",
      "sourceName": "contracts/DocumentRegistry.sol",
      "solcConfig": {
        "version": "0.8.28",
        "settings": {
          "evmVersion": "paris",
          "optimizer": {
            "enabled": false,
            "runs": 200
          },
          "outputSelection": {
            "*": {
              "*": [
                "abi",
                "evm.bytecode",
                "evm.deployedBytecode",
                "evm.methodIdentifiers",
                "metadata"
              ],
              "": [
                "ast"
              ]
            }
          }
        }
      },
      "imports": [],
      "versionPragmas": [
        "^0.8.0"
      ],
      "artifacts": [
        "DocumentRegistry"
      ]
    },
    "C:\\Users\\knnit\\OneDrive\\Pictures\\repo\\doc\\blockchain\\contracts\\Lock.sol": {
      "lastModificationDate": 1747227448649,
      "contentHash": "7eee587c347fe6b1de50c96688cb9477",
      "sourceName": "contracts/Lock.sol",
      "solcConfig": {
        "version": "0.8.28",
        "settings": {
          "evmVersion": "paris",
          "optimizer": {
            "enabled": false,
            "runs": 200
          },
          "outputSelection": {
            "*": {
              "*": [
                "abi",
                "evm.bytecode",
                "evm.deployedBytecode",
                "evm.methodIdentifiers",
                "metadata"
              ],
              "": [
                "ast"
              ]
            }
          }
        }
      },
      "imports": [],
      "versionPragmas": [
        "^0.8.28"
      ],
      "artifacts": [
        "Lock"
      ]
    }
  }
}
